Office Name,Recommended Products
BEO AMDANGA,"Frozen Semen Straw (FSS) - Cross Breed Jersey (CBJ), Frozen Semen Straw (FSS) - GIR, Frozen Semen Straw (FSS) - Cross Breed Holstein Friesion (CBHF)"
BEO BADURIA,"Frozen Semen Straw (FSS) - GIR, Liquid Nitrogen (LN2) , Frozen Semen Straw (FSS) - Cross Breed Jersey (CBJ)"
BEO BAGDA,"Frozen Semen Straw (FSS) - Cross Breed Jersey (CBJ), Liquid Nitrogen (LN2) , Frozen Semen Straw (FSS) - Cross Breed Holstein Friesion (CBHF)"
BEO BARASAT-I,"Frozen Semen Straw (FSS) - Cross Breed Jersey (CBJ), Liquid Nitrogen (LN2) , Frozen Semen Straw (FSS) - Pure Jersey (PJ) "
BEO BARASAT-II,"Liquid Nitrogen (LN2) , Frozen Semen Straw (FSS) - GIR, Frozen Semen Straw (FSS) - Cross Breed Jersey (CBJ)"
BEO BARRACKPUR-I,"Frozen Semen Straw (FSS) - GIR, Frozen Semen Straw (FSS) Buffalo Murrah, Liquid Nitrogen (LN2) "
BEO BARRACKPUR-II,"Frozen Semen Straw (FSS) - Cross Breed Jersey (CBJ), Frozen Semen Straw (FSS) Buffalo Murrah, Liquid Nitrogen (LN2) "
BEO BASIRHAT-I,"Frozen Semen Straw (FSS) - Cross Breed Jersey (CBJ), Liquid Nitrogen (LN2) , Frozen Semen Straw (FSS) - Pure Jersey (PJ) "
BEO BASIRHAT-II,"Frozen Semen Straw (FSS) - Cross Breed Jersey (CBJ), Frozen Semen Straw (FSS) - GIR, Liquid Nitrogen (LN2) "
BEO BONGAON,"Frozen Semen Straw (FSS) - Cross Breed Jersey (CBJ), Liquid Nitrogen (LN2) , Frozen Semen Straw (FSS) - Cross Breed Holstein Friesion (CBHF)"
BEO DEGANGA,"Frozen Semen Straw (FSS) - Cross Breed Jersey (CBJ), Liquid Nitrogen (LN2) , Frozen Semen Straw (FSS) - GIR"
BEO GAIGHATA,"Frozen Semen Straw (FSS) - Cross Breed Holstein Friesion (CBHF), Liquid Nitrogen (LN2) , Frozen Semen Straw (FSS) - GIR"
BEO HABRA-I,"Frozen Semen Straw (FSS) - GIR, Frozen Semen Straw (FSS) - Cross Breed Jersey (CBJ), Frozen Semen Straw (FSS) - Cross Breed Holstein Friesion (CBHF)"
BEO HABRA-II,"Frozen Semen Straw (FSS) - Pure Jersey (PJ) , Frozen Semen Straw (FSS) - GIR, Liquid Nitrogen (LN2) "
BEO HAROA,"Frozen Semen Straw (FSS) - Cross Breed Jersey (CBJ), Frozen Semen Straw (FSS) - Pure Jersey (PJ) , Liquid Nitrogen (LN2) "
BEO HASNABAD,"Frozen Semen Straw (FSS) - Cross Breed Jersey (CBJ), Liquid Nitrogen (LN2) , Frozen Semen Straw (FSS) - GIR"
BEO HINGALGANJ,"Liquid Nitrogen (LN2) , Frozen Semen Straw (FSS) - GIR, Frozen Semen Straw (FSS) - Pure Jersey (PJ) "
BEO MINAKHAN,"Liquid Nitrogen (LN2) , Frozen Semen Straw (FSS) - GIR, Frozen Semen Straw (FSS) - Pure Jersey (PJ) "
BEO RAJARHAT,"Frozen Semen Straw (FSS) - GIR, Liquid Nitrogen (LN2) , Frozen Semen Straw (FSS) - Cross Breed Jersey (CBJ)"
BEO SANDESHKHALI-I,"Frozen Semen Straw (FSS) - GIR, Frozen Semen Straw (FSS) - Cross Breed Jersey (CBJ), Liquid Nitrogen (LN2) "
BEO SANDESHKHALI-II,"Liquid Nitrogen (LN2) , Frozen Semen Straw (FSS) - GIR, Frozen Semen Straw (FSS) - Pure Jersey (PJ) "
BEO SWARUPNAGAR,"Frozen Semen Straw (FSS) - Cross Breed Jersey (CBJ), Frozen Semen Straw (FSS) - Cross Breed Holstein Friesion (CBHF), Liquid Nitrogen (LN2) "
DPD 24 PARAGANAS NORTH ,"Liquid Nitrogen (LN2) , Frozen Semen Straw (FSS) - Cross Breed Jersey (CBJ), Frozen Semen Straw (FSS) - GIR"
